{
  "merchandiseArbitration": {
    "response": {
      "token": "2b926d5c-1460-4a63-ae3e-1c4912562614",
      "response": {
        "items": [
          {
            "slin": "144466",
            "originalSlin": "144466",
            "original_slin": "144466",
            "retail_price": 50,
            "vendor_funded": false,
            "amount": 79,
            "quantity": 2,
            "item_discount": 158,
            "original_discount": 158,
            "extra_amount": 0,
            "upc": "00052548678296",
            "originalUpc": "00052548678296",
            "source": "inStorePromoApi",
            "id": "61d86ed2253e9df933306ccc",
            "name": "PRM 7S THCandy2/X",
            "details": {
              "item": {
                "TotalForTax": 0,
                "Total": 258,
                "IPQ": 1,
                "PPU": 129,
                "TaxSum": 0,
                "TaxRulesFlag": 1,
                "ActualTaxFlag": 1,
                "ItemFlag": 1,
                "SizeFlags": 3,
                "Quantity": 2,
                "ItemType": 1,
                "Suiid": 144466,
                "TaxOverride": 0,
                "IsTaxable": 0,
                "DepartmentNo": "140802",
                "DepartmentFlag": 2,
                "MealTaxType": "",
                "MixMatchProductCode": "144466",
                "ParticipatedMealCode": "",
                "MixMatchQuantityLeft": 0,
                "MixMatchSeqFlags": 1,
                "MixMatchSeqQuantity": [
                  2,
                  0,
                  0,
                  0,
                  0,
                  0,
                  0,
                  0,
                  0,
                  0,
                  0,
                  0,
                  0,
                  0,
                  0,
                  0,
                  0,
                  0,
                  0,
                  0,
                  0,
                  0,
                  0,
                  0,
                  0,
                  0,
                  0,
                  0,
                  0,
                  0,
                  0
                ],
                "MixMatchGroup": [
                  141,
                  0,
                  0,
                  0,
                  0,
                  0,
                  0,
                  0,
                  0,
                  0,
                  0,
                  0,
                  0,
                  0,
                  0,
                  0,
                  0,
                  0,
                  0,
                  0,
                  0,
                  0,
                  0,
                  0,
                  0,
                  0,
                  0,
                  0,
                  0,
                  0,
                  0
                ],
                "MixMatchGroupQuantity": [
                  2,
                  0,
                  0,
                  0,
                  0,
                  0,
                  0,
                  0,
                  0,
                  0,
                  0,
                  0,
                  0,
                  0,
                  0,
                  0,
                  0,
                  0,
                  0,
                  0,
                  0,
                  0,
                  0,
                  0,
                  0,
                  0,
                  0,
                  0,
                  0,
                  0,
                  0
                ],
                "MixMatchId": 0,
                "MixMatchType": 0,
                "MixMatchDiscountQuantityLeft": 0,
                "SubTotal": 0,
                "PriceOverrideUp": 0,
                "SizeIndex": 1,
                "Description": "Non-Promo",
                "Slin": "144466",
                "Upc": "00052548678296"
              },
              "reward": {
                "TotalForTax": 0,
                "Total": -158,
                "IPQ": 0,
                "PPU": 0,
                "TaxSum": 0,
                "TaxRulesFlag": 1,
                "ActualTaxFlag": 1,
                "ItemFlag": 1,
                "SizeFlags": 0,
                "Quantity": 1,
                "ItemType": 53,
                "Suiid": 0,
                "TaxOverride": 0,
                "IsTaxable": 0,
                "DepartmentNo": "140602",
                "DepartmentFlag": 2,
                "MealTaxType": "",
                "MixMatchProductCode": "141159",
                "ParticipatedMealCode": "",
                "MixMatchQuantityLeft": 0,
                "MixMatchSeqFlags": 1,
                "MixMatchSeqQuantity": [
                  0,
                  0,
                  0,
                  0,
                  0,
                  0,
                  0,
                  0,
                  0,
                  0,
                  0,
                  0,
                  0,
                  0,
                  0,
                  0,
                  0,
                  0,
                  0,
                  0,
                  0,
                  0,
                  0,
                  0,
                  0,
                  0,
                  0,
                  0,
                  0,
                  0,
                  0
                ],
                "MixMatchGroup": [
                  0,
                  0,
                  0,
                  0,
                  0,
                  0,
                  0,
                  0,
                  0,
                  0,
                  0,
                  0,
                  0,
                  0,
                  0,
                  0,
                  0,
                  0,
                  0,
                  0,
                  0,
                  0,
                  0,
                  0,
                  0,
                  0,
                  0,
                  0,
                  0,
                  0,
                  0
                ],
                "MixMatchGroupQuantity": [
                  0,
                  0,
                  0,
                  0,
                  0,
                  0,
                  0,
                  0,
                  0,
                  0,
                  0,
                  0,
                  0,
                  0,
                  0,
                  0,
                  0,
                  0,
                  0,
                  0,
                  0,
                  0,
                  0,
                  0,
                  0,
                  0,
                  0,
                  0,
                  0,
                  0,
                  0
                ],
                "MixMatchId": 4319,
                "MixMatchType": 1,
                "MixMatchDiscountQuantityLeft": 0,
                "SubTotal": -158,
                "PriceOverrideUp": 0,
                "SizeIndex": 0,
                "Description": "PRM 7S THCandy2/X"
              }
            }
          }
        ],
        "fees": [],
        "basket": [
          {
            "slin": "234343",
            "retail_price": 1371,
            "vendor_funded": false,
            "amount": 27,
            "quantity": 1,
            "item_discount": 27,
            "original_discount": 27,
            "extra_amount": 0,
            "triggerBy": [],
            "source": "pe",
            "id": "63459a4ebfe74c7ca5a10915",
            "name": "SP70_Basket_M",
            "expiration_date": "10/31/2022, 11:31:00 AM"
          }
        ]
      },
      "errors": [],
      "external": [
        {
          "source": "inStorePromoApi",
          "request": [
            {
              "IPQ": "1",
              "TaxRulesFlag": 1,
              "ItemFlag": 1,
              "SizeFlags": 3,
              "Suiid": "144466",
              "MealTaxType": null,
              "MixMatchProductCode": "144466",
              "SizeIndex": "1",
              "Description": "Non-Promo",
              "DepartmentFlag": 2,
              "PriceOverrideUp": 0,
              "Total": 258,
              "PPU": 129,
              "Quantity": 2,
              "MixMatchQuantityLeft": 2,
              "DepartmentNo": "140802",
              "Slin": "144466",
              "Upc": "00052548678296"
            }
          ],
          "response": [
            {
              "TotalForTax": 0,
              "Total": 258,
              "IPQ": 1,
              "PPU": 129,
              "TaxSum": 0,
              "TaxRulesFlag": 1,
              "ActualTaxFlag": 1,
              "ItemFlag": 1,
              "SizeFlags": 3,
              "Quantity": 2,
              "ItemType": 1,
              "Suiid": 144466,
              "TaxOverride": 0,
              "IsTaxable": 0,
              "DepartmentNo": "140802",
              "DepartmentFlag": 2,
              "MealTaxType": "",
              "MixMatchProductCode": "144466",
              "ParticipatedMealCode": "",
              "MixMatchQuantityLeft": 0,
              "MixMatchSeqFlags": 1,
              "MixMatchSeqQuantity": [
                2,
                0,
                0,
                0,
                0,
                0,
                0,
                0,
                0,
                0,
                0,
                0,
                0,
                0,
                0,
                0,
                0,
                0,
                0,
                0,
                0,
                0,
                0,
                0,
                0,
                0,
                0,
                0,
                0,
                0,
                0
              ],
              "MixMatchGroup": [
                141,
                0,
                0,
                0,
                0,
                0,
                0,
                0,
                0,
                0,
                0,
                0,
                0,
                0,
                0,
                0,
                0,
                0,
                0,
                0,
                0,
                0,
                0,
                0,
                0,
                0,
                0,
                0,
                0,
                0,
                0
              ],
              "MixMatchGroupQuantity": [
                2,
                0,
                0,
                0,
                0,
                0,
                0,
                0,
                0,
                0,
                0,
                0,
                0,
                0,
                0,
                0,
                0,
                0,
                0,
                0,
                0,
                0,
                0,
                0,
                0,
                0,
                0,
                0,
                0,
                0,
                0
              ],
              "MixMatchId": 0,
              "MixMatchType": 0,
              "MixMatchDiscountQuantityLeft": 0,
              "SubTotal": 0,
              "PriceOverrideUp": 0,
              "SizeIndex": 1,
              "Description": "Non-Promo",
              "Slin": "144466",
              "Upc": "00052548678296"
            },
            {
              "TotalForTax": 0,
              "Total": -158,
              "IPQ": 0,
              "PPU": 0,
              "TaxSum": 0,
              "TaxRulesFlag": 1,
              "ActualTaxFlag": 1,
              "ItemFlag": 1,
              "SizeFlags": 0,
              "Quantity": 1,
              "ItemType": 53,
              "Suiid": 0,
              "TaxOverride": 0,
              "IsTaxable": 0,
              "DepartmentNo": "140602",
              "DepartmentFlag": 2,
              "MealTaxType": "",
              "MixMatchProductCode": "141159",
              "ParticipatedMealCode": "",
              "MixMatchQuantityLeft": 0,
              "MixMatchSeqFlags": 1,
              "MixMatchSeqQuantity": [
                0,
                0,
                0,
                0,
                0,
                0,
                0,
                0,
                0,
                0,
                0,
                0,
                0,
                0,
                0,
                0,
                0,
                0,
                0,
                0,
                0,
                0,
                0,
                0,
                0,
                0,
                0,
                0,
                0,
                0,
                0
              ],
              "MixMatchGroup": [
                0,
                0,
                0,
                0,
                0,
                0,
                0,
                0,
                0,
                0,
                0,
                0,
                0,
                0,
                0,
                0,
                0,
                0,
                0,
                0,
                0,
                0,
                0,
                0,
                0,
                0,
                0,
                0,
                0,
                0,
                0
              ],
              "MixMatchGroupQuantity": [
                0,
                0,
                0,
                0,
                0,
                0,
                0,
                0,
                0,
                0,
                0,
                0,
                0,
                0,
                0,
                0,
                0,
                0,
                0,
                0,
                0,
                0,
                0,
                0,
                0,
                0,
                0,
                0,
                0,
                0,
                0
              ],
              "MixMatchId": 4319,
              "MixMatchType": 1,
              "MixMatchDiscountQuantityLeft": 0,
              "SubTotal": -158,
              "PriceOverrideUp": 0,
              "SizeIndex": 0,
              "Description": "PRM 7S THCandy2/X"
            }
          ]
        },
        {
          "source": "brierley",
          "request": "\n    <soapenv:Envelope xmlns:soapenv=\"http://schemas.xmlsoap.org/soap/envelope/\"\n       xmlns:urn=\"urn:Brierley.LoyaltyWare.LWIntegrationSvc\">\n      <soapenv:Header><RequestName>SRPArbitration</RequestName><DGETransSequence>01023670</DGETransSequence><POSTransSequence>01028019</POSTransSequence><StoreID>24382</StoreID><Channel>7POS</Channel><RequestDateTime>10/20/2022 16:53:12 PM</RequestDateTime><BarcodeParmsOne>P</BarcodeParmsOne><BarcodeParmsTwo>0</BarcodeParmsTwo><BarcodeParmsThree>0</BarcodeParmsThree><BarcodeParmsFour>0</BarcodeParmsFour><BarcodeParmsFive>0</BarcodeParmsFive><BarcodeParmsSix>0</BarcodeParmsSix><BarcodeVersion>000</BarcodeVersion><ExternalID>2438201023670222010165312</ExternalID></soapenv:Header>\n      <soapenv:Body>\n         <urn:Execute>\n            <urn:operationName>SRPArbitration</urn:operationName><urn:externalId>2438201023670222010165312</urn:externalId><urn:source>POS</urn:source><urn:sourceEnv>None</urn:sourceEnv>\n            <urn:payload>&lt;SRPArbitrationInParms&gt;&lt;Parm IsArray=\"false\" IsRequired=\"false\" Name=\"input\" Type=\"SRPArbitrationIn\"&gt;&lt;Parm IsArray=\"false\" IsRequired=\"false\" Name=\"RequestData\" Type=\"Struct\"&gt;&lt;Parm IsArray=\"false\" IsRequired=\"true\" Name=\"TransactionId\" Type=\"String\"&gt;&lt;Value&gt;609882012769&lt;/Value&gt;&lt;/Parm&gt;&lt;Parm IsArray=\"false\" IsRequired=\"false\" Name=\"DGETransSeq\" Type=\"String\"&gt;&lt;Value&gt;889544379998&lt;/Value&gt;&lt;/Parm&gt;&lt;Parm IsArray=\"false\" IsRequired=\"true\" Name=\"RequestDateTime\" Type=\"Date\"&gt;&lt;Value&gt;2022-10-13T18:59:22.553Z&lt;/Value&gt;&lt;/Parm&gt;&lt;Parm IsArray=\"false\" IsRequired=\"true\" Name=\"StoreNumber\" Type=\"Long\"&gt;&lt;Value&gt;36999&lt;/Value&gt;&lt;/Parm&gt;&lt;Parm IsArray=\"false\" IsRequired=\"true\" Name=\"TxnTypeId\" Type=\"Integer\"&gt;&lt;Value&gt;3&lt;/Value&gt;&lt;/Parm&gt;&lt;/Parm&gt;&lt;Parm IsArray=\"true\" IsRequired=\"true\" Name=\"MemberSearchType\" Type=\"String\"&gt;&lt;Value&gt;CardID&lt;/Value&gt;&lt;/Parm&gt;&lt;Parm IsArray=\"true\" IsRequired=\"true\" Name=\"SearchValue\" Type=\"String\"&gt;&lt;Value&gt;1758773300341150002&lt;/Value&gt;&lt;/Parm&gt;&lt;Parm IsArray=\"true\" IsRequired=\"false\" Name=\"TransactionItemData\" Type=\"Struct\"&gt;&lt;Parm IsArray=\"false\" IsRequired=\"false\" Name=\"TransactionItemData\" Type=\"Struct\"&gt;&lt;Parm IsArray=\"false\" IsRequired=\"true\" Name=\"Sequence\" Type=\"Integer\"&gt;&lt;Value&gt;0&lt;/Value&gt;&lt;/Parm&gt;&lt;Parm IsArray=\"false\" IsRequired=\"false\" Name=\"Slin\" Type=\"String\"&gt;&lt;Value&gt;144466&lt;/Value&gt;&lt;/Parm&gt;&lt;Parm IsArray=\"false\" IsRequired=\"false\" Name=\"UPC\" Type=\"String\"&gt;&lt;Value&gt;00052548678296&lt;/Value&gt;&lt;/Parm&gt;&lt;Parm IsArray=\"false\" IsRequired=\"true\" Name=\"Department\" Type=\"Integer\"&gt;&lt;Value&gt;140802&lt;/Value&gt;&lt;/Parm&gt;&lt;Parm IsArray=\"false\" IsRequired=\"true\" Name=\"Quantity\" Type=\"Integer\"&gt;&lt;Value&gt;2&lt;/Value&gt;&lt;/Parm&gt;&lt;Parm IsArray=\"false\" IsRequired=\"true\" Name=\"Amount\" Type=\"Decimal\"&gt;&lt;Value&gt;1&lt;/Value&gt;&lt;/Parm&gt;&lt;Parm IsArray=\"false\" IsRequired=\"false\" Name=\"IsVoid\" Type=\"Boolean\"&gt;&lt;Value&gt;False&lt;/Value&gt;&lt;/Parm&gt;&lt;/Parm&gt;&lt;Parm IsArray=\"false\" IsRequired=\"false\" Name=\"TransactionItemData\" Type=\"Struct\"&gt;&lt;Parm IsArray=\"false\" IsRequired=\"true\" Name=\"Sequence\" Type=\"Integer\"&gt;&lt;Value&gt;1&lt;/Value&gt;&lt;/Parm&gt;&lt;Parm IsArray=\"false\" IsRequired=\"false\" Name=\"Slin\" Type=\"String\"&gt;&lt;Value&gt;340180&lt;/Value&gt;&lt;/Parm&gt;&lt;Parm IsArray=\"false\" IsRequired=\"false\" Name=\"UPC\" Type=\"String\"&gt;&lt;Value&gt;00034100013080&lt;/Value&gt;&lt;/Parm&gt;&lt;Parm IsArray=\"false\" IsRequired=\"true\" Name=\"Department\" Type=\"Integer\"&gt;&lt;Value&gt;100801&lt;/Value&gt;&lt;/Parm&gt;&lt;Parm IsArray=\"false\" IsRequired=\"true\" Name=\"Quantity\" Type=\"Integer\"&gt;&lt;Value&gt;2&lt;/Value&gt;&lt;/Parm&gt;&lt;Parm IsArray=\"false\" IsRequired=\"true\" Name=\"Amount\" Type=\"Decimal\"&gt;&lt;Value&gt;12.98&lt;/Value&gt;&lt;/Parm&gt;&lt;Parm IsArray=\"false\" IsRequired=\"false\" Name=\"IsVoid\" Type=\"Boolean\"&gt;&lt;Value&gt;False&lt;/Value&gt;&lt;/Parm&gt;&lt;/Parm&gt;&lt;/Parm&gt;&lt;/Parm&gt;&lt;/SRPArbitrationInParms&gt;</urn:payload>\n         </urn:Execute>\n      </soapenv:Body>\n   </soapenv:Envelope>",
          "response": "<?xml version=\"1.0\" encoding=\"utf-8\"?><SRPArbitrationOutParms xmlns=\"http://www.brierley.com/StandardApiPayload\"><Parm IsArray=\"false\" Name=\"SRPArbitrationOut\" Type=\"SRPArbitrationOut\" ><Parm IsArray=\"true\" IsRequired=\"false\" Name=\"CouponRewardData\" Type=\"Struct\"/><Parm IsRequired=\"true\" Name=\"ResponseData\" Type=\"Struct\"><Parm IsRequired=\"true\" Name=\"LoyaltyIdNumber\" Type=\"String\"><Value>1758773300341150002</Value></Parm><Parm IsRequired=\"true\" Name=\"VcKey\" Type=\"Long\"><Value>81631411</Value></Parm><Parm IsRequired=\"false\" Name=\"AlternateId\" Type=\"String\"><Value>9735555450</Value></Parm><Parm IsRequired=\"true\" Name=\"MemberStatus\" Type=\"String\"><Value>Active</Value></Parm></Parm><Parm IsArray=\"true\" IsRequired=\"false\" Name=\"MessageData\" Type=\"Struct\"><Parm IsArray=\"false\" IsRequired=\"false\" Name=\"MessageData\" Type=\"Struct\"><Parm IsRequired=\"true\" Name=\"Id\" Type=\"Long\"><Value>0</Value></Parm><Parm IsRequired=\"true\" Name=\"MessageDefId\" Type=\"Long\"><Value>800044648</Value></Parm><Parm IsRequired=\"false\" Name=\"Content\" Type=\"String\"><Value>Welcome Test200            ~Pts: 3964</Value></Parm><Parm IsRequired=\"false\" Name=\"Body\" Type=\"String\"><Value>Welcome Test200            ~Pts: 3964</Value></Parm><Parm IsRequired=\"false\" Name=\"DateIssued\" Type=\"Date\"><Value>2023-01-04T20:34:24.308</Value></Parm></Parm><Parm IsArray=\"false\" IsRequired=\"false\" Name=\"MessageData\" Type=\"Struct\"><Parm IsRequired=\"true\" Name=\"Id\" Type=\"Long\"><Value>0</Value></Parm><Parm IsRequired=\"false\" Name=\"Content\" Type=\"String\"><Value>Welcome Test200            ~Pts: 3964</Value></Parm><Parm IsRequired=\"false\" Name=\"Body\" Type=\"String\"><Value>Welcome Test200            ~Pts: 3964</Value></Parm><Parm IsRequired=\"true\" Name=\"MessageDefId\" Type=\"Long\"><Value>800044774</Value></Parm><Parm IsRequired=\"false\" Name=\"DateIssued\" Type=\"Date\"><Value>2023-01-04T20:34:24.308</Value></Parm></Parm><Parm IsArray=\"false\" IsRequired=\"false\" Name=\"MessageData\" Type=\"Struct\"><Parm IsRequired=\"true\" Name=\"Id\" Type=\"Long\"><Value>0</Value></Parm><Parm IsRequired=\"false\" Name=\"Content\" Type=\"String\"><Value>Welcome Test200            Pts: 3964   *0002</Value></Parm><Parm IsRequired=\"false\" Name=\"Body\" Type=\"String\"><Value>Welcome Test200            Pts: 3964   *0002</Value></Parm><Parm IsRequired=\"true\" Name=\"MessageDefId\" Type=\"Long\"><Value>800044789</Value></Parm><Parm IsRequired=\"false\" Name=\"DateIssued\" Type=\"Date\"><Value>2023-01-04T20:34:24.308</Value></Parm></Parm></Parm></Parm></SRPArbitrationOutParms>",
          "details": []
        }
      ],
      "debug": {
        "instance_id": "9524b40e-5e38-483d-9e4e-de98a1eecb10",
        "task_id": "77f2480faa9d4ae79552217e60ab82b8",
        "rules_revision": {
          "instance": "1672777872607",
          "redis": "1672777872607"
        },
        "flags_revision": {
          "instance": "1672415342523",
          "redis": "1672415342523"
        }
      },
      "pmb": {
        "account": {
          "loyalty_id": "1758773300341150002"
        },
        "token": "2b926d5c-1460-4a63-ae3e-1c4912562614",
        "store_number": "36999",
        "txn_date": "2022-10-13T18:59:22.553Z",
        "txn_date_utc": "2022-10-13T18:59:22.553Z",
        "channel": "MobileScanPay",
        "txn_total": 1371,
        "items": [
          {
            "id": 0,
            "slin": "144466",
            "upc": "00052548678296",
            "department_id": "140802",
            "quantity": 2,
            "amount": 258,
            "isFuel": false,
            "type": "item",
            "sale_amount": 100
          },
          {
            "id": 1,
            "slin": "340180",
            "upc": "00034100013080",
            "department_id": "100801",
            "quantity": 2,
            "amount": 1298,
            "tax_type": "F",
            "isFuel": false,
            "type": "item",
            "sale_amount": 1298
          },
          {
            "id": 2,
            "type": "item",
            "slin": "234343",
            "quantity": 1,
            "amount": -27,
            "coupons": [],
            "sale_amount": -27,
            "source": "pe"
          }
        ],
        "coupons": [],
        "cart": {
          "store_number": "36999",
          "txn_date": "2022-10-13T18:59:22.553Z",
          "channel": "msp",
          "items": [
            {
              "id": 0,
              "slin": "144466",
              "upc": "00052548678296",
              "department_id": "140802",
              "quantity": 2,
              "amount": 129,
              "isFuel": false
            },
            {
              "id": 1,
              "slin": "340180",
              "upc": "00034100013080",
              "department_id": "100801",
              "quantity": 2,
              "amount": 649,
              "tax_type": "F",
              "isFuel": false
            }
          ],
          "fees": [],
          "token": "2b926d5c-1460-4a63-ae3e-1c4912562614",
          "external": {
            "rcx": {
              "Header": {
                "RequestName": "SRPArbitration",
                "DGETransSequence": "01023670",
                "POSTransSequence": "01028019",
                "StoreID": "24382",
                "Channel": "7POS",
                "RequestDateTime": "10/20/2022 16:53:12 PM",
                "BarcodeParmsOne": "P",
                "BarcodeParmsTwo": "0",
                "BarcodeParmsThree": "0",
                "BarcodeParmsFour": "0",
                "BarcodeParmsFive": "0",
                "BarcodeParmsSix": "0",
                "BarcodeVersion": "000",
                "ExternalID": "2438201023670222010165312"
              },
              "operationParams": {
                "externalId": "2438201023670222010165312",
                "source": "POS"
              }
            }
          },
          "customer_id": "1758773300341150002",
          "MemberSeq": 1023670
        },
        "arbitration": {
          "items": [
            {
              "slin": "144466",
              "originalSlin": "144466",
              "original_slin": "144466",
              "retail_price": 50,
              "vendor_funded": false,
              "amount": 79,
              "quantity": 2,
              "item_discount": 158,
              "original_discount": 158,
              "extra_amount": 0,
              "upc": "00052548678296",
              "originalUpc": "00052548678296",
              "source": "inStorePromoApi",
              "id": "61d86ed2253e9df933306ccc",
              "name": "PRM 7S THCandy2/X",
              "details": {
                "item": {
                  "TotalForTax": 0,
                  "Total": 258,
                  "IPQ": 1,
                  "PPU": 129,
                  "TaxSum": 0,
                  "TaxRulesFlag": 1,
                  "ActualTaxFlag": 1,
                  "ItemFlag": 1,
                  "SizeFlags": 3,
                  "Quantity": 2,
                  "ItemType": 1,
                  "Suiid": 144466,
                  "TaxOverride": 0,
                  "IsTaxable": 0,
                  "DepartmentNo": "140802",
                  "DepartmentFlag": 2,
                  "MealTaxType": "",
                  "MixMatchProductCode": "144466",
                  "ParticipatedMealCode": "",
                  "MixMatchQuantityLeft": 0,
                  "MixMatchSeqFlags": 1,
                  "MixMatchSeqQuantity": [
                    2,
                    0,
                    0,
                    0,
                    0,
                    0,
                    0,
                    0,
                    0,
                    0,
                    0,
                    0,
                    0,
                    0,
                    0,
                    0,
                    0,
                    0,
                    0,
                    0,
                    0,
                    0,
                    0,
                    0,
                    0,
                    0,
                    0,
                    0,
                    0,
                    0,
                    0
                  ],
                  "MixMatchGroup": [
                    141,
                    0,
                    0,
                    0,
                    0,
                    0,
                    0,
                    0,
                    0,
                    0,
                    0,
                    0,
                    0,
                    0,
                    0,
                    0,
                    0,
                    0,
                    0,
                    0,
                    0,
                    0,
                    0,
                    0,
                    0,
                    0,
                    0,
                    0,
                    0,
                    0,
                    0
                  ],
                  "MixMatchGroupQuantity": [
                    2,
                    0,
                    0,
                    0,
                    0,
                    0,
                    0,
                    0,
                    0,
                    0,
                    0,
                    0,
                    0,
                    0,
                    0,
                    0,
                    0,
                    0,
                    0,
                    0,
                    0,
                    0,
                    0,
                    0,
                    0,
                    0,
                    0,
                    0,
                    0,
                    0,
                    0
                  ],
                  "MixMatchId": 0,
                  "MixMatchType": 0,
                  "MixMatchDiscountQuantityLeft": 0,
                  "SubTotal": 0,
                  "PriceOverrideUp": 0,
                  "SizeIndex": 1,
                  "Description": "Non-Promo",
                  "Slin": "144466",
                  "Upc": "00052548678296"
                },
                "reward": {
                  "TotalForTax": 0,
                  "Total": -158,
                  "IPQ": 0,
                  "PPU": 0,
                  "TaxSum": 0,
                  "TaxRulesFlag": 1,
                  "ActualTaxFlag": 1,
                  "ItemFlag": 1,
                  "SizeFlags": 0,
                  "Quantity": 1,
                  "ItemType": 53,
                  "Suiid": 0,
                  "TaxOverride": 0,
                  "IsTaxable": 0,
                  "DepartmentNo": "140602",
                  "DepartmentFlag": 2,
                  "MealTaxType": "",
                  "MixMatchProductCode": "141159",
                  "ParticipatedMealCode": "",
                  "MixMatchQuantityLeft": 0,
                  "MixMatchSeqFlags": 1,
                  "MixMatchSeqQuantity": [
                    0,
                    0,
                    0,
                    0,
                    0,
                    0,
                    0,
                    0,
                    0,
                    0,
                    0,
                    0,
                    0,
                    0,
                    0,
                    0,
                    0,
                    0,
                    0,
                    0,
                    0,
                    0,
                    0,
                    0,
                    0,
                    0,
                    0,
                    0,
                    0,
                    0,
                    0
                  ],
                  "MixMatchGroup": [
                    0,
                    0,
                    0,
                    0,
                    0,
                    0,
                    0,
                    0,
                    0,
                    0,
                    0,
                    0,
                    0,
                    0,
                    0,
                    0,
                    0,
                    0,
                    0,
                    0,
                    0,
                    0,
                    0,
                    0,
                    0,
                    0,
                    0,
                    0,
                    0,
                    0,
                    0
                  ],
                  "MixMatchGroupQuantity": [
                    0,
                    0,
                    0,
                    0,
                    0,
                    0,
                    0,
                    0,
                    0,
                    0,
                    0,
                    0,
                    0,
                    0,
                    0,
                    0,
                    0,
                    0,
                    0,
                    0,
                    0,
                    0,
                    0,
                    0,
                    0,
                    0,
                    0,
                    0,
                    0,
                    0,
                    0
                  ],
                  "MixMatchId": 4319,
                  "MixMatchType": 1,
                  "MixMatchDiscountQuantityLeft": 0,
                  "SubTotal": -158,
                  "PriceOverrideUp": 0,
                  "SizeIndex": 0,
                  "Description": "PRM 7S THCandy2/X"
                }
              }
            }
          ],
          "fees": [],
          "basket": [
            {
              "slin": "234343",
              "retail_price": 1371,
              "vendor_funded": false,
              "amount": 27,
              "quantity": 1,
              "item_discount": 27,
              "original_discount": 27,
              "extra_amount": 0,
              "triggerBy": [],
              "source": "pe",
              "id": "63459a4ebfe74c7ca5a10915",
              "name": "SP70_Basket_M",
              "expiration_date": "10/31/2022, 11:31:00 AM"
            }
          ]
        }
      }
    }
  },
  "fuelArbitration": {
    "response": {
      "fuelTransactionId": "ab299170-c99d-11ed-bf33-3510b4f19f67",
      "status": "Initiated",
      "loyalty_id": "773371045176042",
      "sequence_id": null,
      "first_name": "Srini",
      "fuel_data": {
        "grades": [
          {
            "abbr": "RUL",
            "name": "Regular",
            "order": 1,
            "price": 2499,
            "grade_id": "001",
            "group_id": 1,
            "cash_price": 2499,
            "product_id": 1,
            "loyalty_street_price": 2499,
            "original_street_price": 2499,
            "loyalty_street_price_label": "$2.499",
            "original_street_price_label": "$2.499",
            "discount_price": 2499,
            "discount_price_label": "$2.499",
            "final_price": 2499,
            "final_price_label": "$2.499",
            "discount": 0,
            "discount_breakdown": [
              {
                "id": "RECURRPROMO",
                "description": "SpeedyReward",
                "group": "Recurring",
                "type": "Boolean",
                "device": null,
                "discount": 5,
                "pos_text": "SpeedyReward_RUL",
                "pump_text": ["SpeedyReward"],
                "max_gallons": 25,
                "timeout": 15,
                "mask_user_input": false,
                "payment_codes": []
              }
            ]
          },
          {
            "abbr": "NMB",
            "name": "Mid-grade",
            "order": 3,
            "price": 2849,
            "grade_id": "073",
            "group_id": 2,
            "cash_price": 2849,
            "product_id": 11,
            "loyalty_street_price": 2849,
            "original_street_price": 2849,
            "loyalty_street_price_label": "$2.849",
            "original_street_price_label": "$2.849",
            "discount_price": 2849,
            "discount_price_label": "$2.849",
            "final_price": 2849,
            "final_price_label": "$2.849",
            "discount": 0,
            "discount_breakdown": [
              {
                "id": "RECURRPROMO",
                "description": "SpeedyReward",
                "group": "Recurring",
                "type": "Boolean",
                "device": null,
                "discount": 7,
                "pos_text": "SpeedyReward_NMB",
                "pump_text": ["SpeedyReward"],
                "max_gallons": 25,
                "timeout": 15,
                "mask_user_input": false,
                "payment_codes": []
              }
            ]
          },
          {
            "abbr": "PUL",
            "name": "Premium",
            "order": 4,
            "price": 3149,
            "grade_id": "003",
            "group_id": 3,
            "cash_price": 3149,
            "product_id": 2,
            "loyalty_street_price": 3149,
            "original_street_price": 3149,
            "loyalty_street_price_label": "$3.149",
            "original_street_price_label": "$3.149",
            "discount_price": 3149,
            "discount_price_label": "$3.149",
            "final_price": 3149,
            "final_price_label": "$3.149",
            "discount": 0,
            "discount_breakdown": [
              {
                "id": "RECURRPROMO",
                "description": "SpeedyReward",
                "group": "Recurring",
                "type": "Boolean",
                "device": null,
                "discount": 9,
                "pos_text": "SpeedyReward_pUL",
                "pump_text": ["SpeedyReward"],
                "max_gallons": 25,
                "timeout": 15,
                "mask_user_input": false,
                "payment_codes": []
              }
            ]
          }
        ],
        "last_updated": "2021-02-11 17:05:35 -05:00",
        "last_updated_label": "2 years ago",
        "discount_amount": 0,
        "total_discount": 0
      },
      "minimum_fuel_price_per_gallon": 19,
      "minimum_fuel_price_per_gallon_label": "$0.019",
      "promptable_discounts": [
        {
          "id": "Redners",
          "description": "Redners",
          "group": "Partnership",
          "type": "Boolean",
          "device": null,
          "discount": 5,
          "pos_text": "Redners $0.05/gal",
          "pump_text": ["Redners $0.05/gal"],
          "max_gallons": 20,
          "timeout": 15,
          "mask_user_input": false,
          "payment_codes": []
        }
      ],
      "payment_based_discounts": [],
      "total_discount": 0,
      "loyalty_points": null,
      "fuel_welcome_message": ["Hello Zap", "", "You'll earn", "10pts/gal"],
      "fuel_in_progress_offers": [
        {
          "title": ["Earn up to 4000", "Points!"],
          "offer_description": [
            "Eat Ruffles! Earn up",
            "to 4000 Points! Buy",
            "one Ruffles Single",
            "Serve to find out",
            "more."
          ],
          "timeout": 5
        },
        {
          "title": ["+300 Points"],
          "offer_description": [
            "When you buy two",
            "Coke 20z and two",
            "Roller Grill items"
          ],
          "timeout": 5
        },
        {
          "title": ["+200 Points"],
          "offer_description": ["When you buy one", "Cheeseburger Roller"],
          "timeout": 5
        }
      ],
      "program_limit": { "volume": 20, "unit": "G" }
    }
  }
}
