{
    "transactionId": "966226a0-c6b0-11ea-9698-1d28fdb12814",
    "paymentTenderId": "49919431725",
    "transactionType": "SALE",
    "paymentEntryType": "EMV_CONTACT",
    "currency": "USD",
    "receiptDetails": {
      "cardName": "DISCOVER",
      "maskedPan": "************0133",
      "statusCode": 12,
      "statusMessage": "APPROVED",
      "tid": "00072672199",
      "applicationName": "DISCOVER",
      "applicationId": "A0000001523010",
      "cryptogram": "ARQC 70EDC6983D1E36D1",
      "cardholderVerficationMethod": "ONLINE_PIN"
    },
    "paymentMedia": {
      "tenderSequenceNumber": 0,
      "payment": {
        "paymentTenderId": "49919431725",
        "referenceNumber": "70419543897",
        "messageTypeIndicator": "1200",
        "systemTraceAuditNumber": "005733",
        "authCode": "TYPE05",
        "amount": 7.03,
        "hostTransactionTime": "200715053402",
        "hostReferenceNumber": "654321",
        "signatureThreshold": 9999.99
      },
      "status": "APPROVED",
      "paymentMediaNumber": 20,
      "paymentMediaType": "Credit",
      "companyId": "0044",
      "cardId": 3,
      "reportMaskedPan": "651000******0133",
      "terminalVerificationResult": "8000049000",
      "issuerAuthenticationData": "CD5965815A0132DD0010"
    }
  }