{
	"keys": [
		{
			"type": "subgroup",
			"name": "ATT",
			"label1": "ATT",
			"sequenceNumber": 1,
			"isNextLevelExist": true,
			"subKeys": [
				{
					"cardId": 1598,
					"type": "Item",
					"label": "cardname",
					"name": "cardname",
					"sequenceNumber": 1,
					"isNextLevelExist": false,
					"UPC": "799366623885",
					"productCategory": "RTR",
					"customerIdLength": "10"
				},
				{
					"cardId": 1599,
					"type": "Item",
					"label": "cardname",
					"name": "cardname",
					"sequenceNumber": 2,
					"isNextLevelExist": false
				}
			]
		},
		{
			"cardId": 1618,
			"type": "Item",
			"label1": "Netflix",
			"name": "Netflix",
			"sequenceNumber": 1,
			"isNextLevelExist": false,
			"productCategory": "POR",
			"UPC": "799366459293"
		}
	]
}